<?xml version="1.0" encoding="utf-8"?>
<eml:eml xmlns:eml="eml://ecoinformatics.org/eml-2.1.1" xmlns:xsi="http://www.w3.org/2001/XMLSchema-instance"
         xsi:schemaLocation="eml://ecoinformatics.org/eml-2.1.1 http://rs.gbif.org/schema/eml-gbif-profile/1.1/eml.xsd"
        packageId="10.15468/dl.gpnzuc"  system="http://gbif.org" scope="system"
  xml:lang="en">

<dataset>
        <alternateIdentifier>0096635-160910150852091</alternateIdentifier>
    <title>GBIF Occurrence Download 10.15468/dl.gpnzuc</title>
    <creator>
    <individualName>
        <surName>GBIF Download Service</surName>
    </individualName>
<electronicMailAddress>support@gbif.org</electronicMailAddress>    </creator>
    <metadataProvider>
    <individualName>
        <surName>GBIF Download Service</surName>
    </individualName>
<electronicMailAddress>support@gbif.org</electronicMailAddress>    </metadataProvider>
    <associatedParty>
    <individualName>
<givenName>Jeroen</givenName>        <surName>Creuwels</surName>
    </individualName>
<organizationName>Naturalis Biodiversity Center</organizationName><positionName>Data manager</positionName>    <address>
<deliveryPoint>PO Box 9517</deliveryPoint><city>Leiden</city><administrativeArea>Zuid Holland</administrativeArea><postalCode>NL-2300 RA</postalCode><country>NETHERLANDS</country>    </address>
<phone>+31.71.7519600</phone><electronicMailAddress>informatiemanagement@naturalis.nl</electronicMailAddress><onlineUrl>http://science.naturalis.nl</onlineUrl>    <role>CONTENT_PROVIDER</role>
    </associatedParty>
      <pubDate>
      2017-06-02
      </pubDate>
    <language>ENGLISH</language>
    <abstract>
        <para>A dataset containing all occurrences available in GBIF matching the query:
DatasetKey: Naturalis Biodiversity Center (NL) - Tunicata
The dataset includes records from the following constituent datasets. The full metadata for each constituent is also included in this archive:
482 records from Naturalis Biodiversity Center (NL) - Tunicata
</para>
    </abstract>
      <contact>
    <individualName>
        <surName>GBIF Download Service</surName>
    </individualName>
<electronicMailAddress>support@gbif.org</electronicMailAddress>      </contact>

</dataset>

<additionalMetadata>
    <metadata>
      <gbif>
        <dateStamp>2017-06-02T14:56:41Z</dateStamp>
      <citation identifier="10.15468/dl.gpnzuc">GBIF Occurrence Download 10.15468/dl.gpnzuc</citation>
              <physical>
                  <objectName></objectName>
                  <characterEncoding>UTF-8</characterEncoding>
                  <dataFormat>
                      <externallyDefinedFormat>
                          <formatName>Darwin Core Archive</formatName>
                      </externallyDefinedFormat>
                  </dataFormat>
                  <distribution>
                      <online>
                          <url function="download">http://api.gbif.org/v1/occurrence/download/request/0096635-160910150852091.zip</url>
                      </online>
                  </distribution>
              </physical>
        </gbif>
    </metadata>
</additionalMetadata>

</eml:eml>
